{
  "SPEAKER_01": {
    "chunk_count": 17,
    "total_seconds": 37.410000000000004,
    "scenes": [
      "GKD_Commercial_1",
      "Scene_1",
      "Scene_3"
    ],
    "files": [
      "GKD_Commercial_1_001_0.00_3.00.wav",
      "GKD_Commercial_1_002_3.00_6.00.wav",
      "GKD_Commercial_1_003_6.00_9.00.wav",
      "GKD_Commercial_1_004_9.00_12.00.wav",
      "GKD_Commercial_1_005_12.00_15.00.wav",
      "Scene_1_001_8.29_9.14.wav",
      "Scene_1_002_10.08_10.98.wav",
      "Scene_1_003_11.44_13.29.wav",
      "Scene_1_004_13.82_14.98.wav",
      "Scene_1_005_15.58_21.55.wav",
      "Scene_3_001_16.32_17.85.wav",
      "Scene_3_004_31.46_32.71.wav",
      "Scene_3_005_33.19_34.48.wav",
      "Scene_3_006_35.61_36.46.wav",
      "Scene_3_014_61.16_62.54.wav",
      "Scene_3_016_64.58_67.43.wav",
      "Scene_3_023_91.74_94.27.wav"
    ]
  },
  "SPEAKER_00": {
    "chunk_count": 15,
    "total_seconds": 134.99,
    "scenes": [
      "GKD_Commercial_1",
      "Scene_1",
      "Scene_2",
      "Scene_3",
      "Scene_5",
      "Scene_6"
    ],
    "files": [
      "GKD_Commercial_1_006_15.00_18.00.wav",
      "GKD_Commercial_1_007_18.00_21.00.wav",
      "GKD_Commercial_1_008_21.00_24.00.wav",
      "GKD_Commercial_1_009_24.00_27.00.wav",
      "Scene_1_012_42.36_43.33.wav",
      "Scene_1_013_43.94_46.98.wav",
      "Scene_2_001_3.36_71.39.wav",
      "Scene_3_009_48.30_49.92.wav",
      "Scene_3_011_53.03_54.49.wav",
      "Scene_3_015_63.01_64.02.wav",
      "Scene_3_017_67.87_69.95.wav",
      "Scene_5_008_24.57_65.69.wav",
      "Scene_6_005_14.13_15.26.wav",
      "Scene_6_011_32.13_32.88.wav",
      "Scene_6_012_33.90_35.68.wav"
    ]
  },
  "UNASSIGNED": {
    "chunk_count": 12,
    "total_seconds": 26.140000000000004,
    "scenes": [
      "GKD_Commercial_1",
      "Scene_2",
      "Scene_3",
      "Scene_5"
    ],
    "files": [
      "GKD_Commercial_1_010_27.00_30.00.wav",
      "Scene_2_002_73.65_81.26.wav",
      "Scene_3_007_42.55_43.36.wav",
      "Scene_3_012_55.22_55.87.wav",
      "Scene_3_013_57.34_58.04.wav",
      "Scene_5_001_2.11_3.07.wav",
      "Scene_5_002_6.88_10.11.wav",
      "Scene_5_003_11.13_13.41.wav",
      "Scene_5_004_13.95_17.27.wav",
      "Scene_5_005_17.71_19.67.wav",
      "Scene_5_006_20.68_21.30.wav",
      "Scene_5_007_21.72_22.72.wav"
    ]
  },
  "SPEAKER_04": {
    "chunk_count": 8,
    "total_seconds": 11.1,
    "scenes": [
      "Scene_1",
      "Scene_6"
    ],
    "files": [
      "Scene_1_006_22.74_23.98.wav",
      "Scene_1_007_25.72_27.82.wav",
      "Scene_1_008_28.77_30.36.wav",
      "Scene_1_017_59.41_59.98.wav",
      "Scene_6_002_6.92_8.16.wav",
      "Scene_6_003_9.40_11.18.wav",
      "Scene_6_004_11.63_13.69.wav",
      "Scene_6_017_65.58_66.10.wav"
    ]
  },
  "SPEAKER_03": {
    "chunk_count": 17,
    "total_seconds": 33.51,
    "scenes": [
      "Scene_1",
      "Scene_3",
      "Scene_6"
    ],
    "files": [
      "Scene_1_009_31.92_32.53.wav",
      "Scene_1_014_47.39_49.62.wav",
      "Scene_1_015_50.59_51.99.wav",
      "Scene_1_016_54.79_56.99.wav",
      "Scene_1_018_60.82_63.13.wav",
      "Scene_1_019_64.13_65.31.wav",
      "Scene_3_002_21.33_23.83.wav",
      "Scene_3_003_26.04_28.79.wav",
      "Scene_3_019_78.72_79.31.wav",
      "Scene_3_020_79.94_82.60.wav",
      "Scene_3_021_83.04_84.92.wav",
      "Scene_3_022_85.58_91.23.wav",
      "Scene_6_001_3.95_5.28.wav",
      "Scene_6_013_37.38_38.54.wav",
      "Scene_6_014_40.33_41.37.wav",
      "Scene_6_015_42.18_44.83.wav",
      "Scene_6_016_45.86_47.23.wav"
    ]
  },
  "SPEAKER_02": {
    "chunk_count": 8,
    "total_seconds": 17.32,
    "scenes": [
      "Scene_1",
      "Scene_3",
      "Scene_6"
    ],
    "files": [
      "Scene_1_010_34.52_35.07.wav",
      "Scene_1_011_38.25_41.09.wav",
      "Scene_3_008_43.80_47.59.wav",
      "Scene_3_010_50.35_51.40.wav",
      "Scene_3_018_70.85_73.13.wav",
      "Scene_6_007_18.30_19.87.wav",
      "Scene_6_008_21.10_25.48.wav",
      "Scene_6_009_26.80_27.66.wav"
    ]
  },
  "SPEAKER_05": {
    "chunk_count": 2,
    "total_seconds": 1.94,
    "scenes": [
      "Scene_6"
    ],
    "files": [
      "Scene_6_006_16.54_17.62.wav",
      "Scene_6_010_28.14_29.00.wav"
    ]
  }
}